year,broad_discipline,college_school,major_name,admit_gpa_range,admit_rate,enroll_gpa_range,yield_rate,admits,applicants,enrolls,enroll_25th_percentile,enroll_75th_percentile,admit_25th_percentile,admit_75th_percentile
2018,Agriculture & Natural Resources,College Of Letters & science,Environmental science,3.77 - 3.88,0.096,,0.25,12,125,3,,,3.77,3.88
2018,Architecture & Environ Design,School Of The arts & architecture,Architectural studies,3.73 - 3.98,0.138888889,3.67 - 3.93,0.4,30,216,12,3.67,3.93,3.73,3.98
2018,"Area, Ethn, Cultur & Gender Stu",College Of Letters & science,African american studies,3.38 - 3.64,0.356164384,3.38 - 3.59,0.807692308,26,73,21,3.38,3.59,3.38,3.64
2018,"Area, Ethn, Cultur & Gender Stu",College Of Letters & science,American indian studies,3.38 - 3.95,0.5,,0.6,5,10,3,,,3.38,3.95
2018,"Area, Ethn, Cultur & Gender Stu",College Of Letters & science,Asian american studies,3.39 - 3.84,0.275,3.46 - 3.84,0.636363636,11,40,7,3.46,3.84,3.39,3.84
2018,"Area, Ethn, Cultur & Gender Stu",College Of Letters & science,Asian humanities,3.61 - 3.93,0.274647887,3.60 - 3.79,0.512820513,39,142,20,3.60,3.79,3.61,3.93
2018,"Area, Ethn, Cultur & Gender Stu",College Of Letters & science,Chicana & chicano studies,3.31 - 3.59,0.494382022,3.31 - 3.59,0.75,44,89,33,3.31,3.59,3.31,3.59
2018,"Area, Ethn, Cultur & Gender Stu",College Of Letters & science,Gender studies,3.38 - 3.75,0.484848485,3.38 - 3.76,0.760416667,96,198,73,3.38,3.76,3.38,3.75
2018,"Area, Ethn, Cultur & Gender Stu",College Of Letters & science,Pre-asian studies,3.60 - 3.87,0.314285714,3.56 - 3.84,0.787878788,33,105,26,3.56,3.84,3.60,3.87
2018,"Area, Ethn, Cultur & Gender Stu",College Of Letters & science,Pre-european studies,3.83 - 3.94,0.454545455,,0.6,5,11,3,,,3.83,3.94
2018,"Area, Ethn, Cultur & Gender Stu",College Of Letters & science,Pre-latin american studies,3.34 - 3.72,0.5625,3.31 - 3.73,0.777777778,9,16,7,3.31,3.73,3.34,3.72
2018,"Area, Ethn, Cultur & Gender Stu",College Of Letters & science,Spanish and community and culture,3.37 - 3.75,0.655172414,3.35 - 3.67,0.421052632,19,29,8,3.35,3.67,3.37,3.75
2018,Biological Sciences,College Of Letters & science,Biochemistry,3.74 - 3.93,0.323119777,3.68 - 3.92,0.456896552,116,359,53,3.68,3.92,3.74,3.93
2018,Biological Sciences,College Of Letters & science,Biology,3.74 - 3.94,0.175879397,3.68 - 3.91,0.537142857,175,995,94,3.68,3.91,3.74,3.94
2018,Biological Sciences,College Of Letters & science,Biophysics,3.83 - 3.95,0.315789474,,0.5,6,19,3,,,3.83,3.95
2018,Biological Sciences,College Of Letters & science,"Ecology, behavior & evolution",3.50 - 3.71,0.155555556,3.49 - 3.76,0.857142857,7,45,6,3.49,3.76,3.50,3.71
2018,Biological Sciences,College Of Letters & science,"Molecular, cell, & developmental biology",3.76 - 3.94,0.331550802,3.67 - 3.92,0.532258065,62,187,33,3.67,3.92,3.76,3.94
2018,Biological Sciences,College Of Letters & science,Neuroscience,3.74 - 3.95,0.235602094,3.72 - 3.94,0.644444444,45,191,29,3.72,3.94,3.74,3.95
2018,Biological Sciences,College Of Letters & science,Physiological science,3.74 - 3.92,0.23880597,3.72 - 3.94,0.75,32,134,24,3.72,3.94,3.74,3.92
2018,Biological Sciences,College Of Letters & science,Pre-computational & systems biology,,0.333333333,,0.75,4,12,3,,,,
2018,Biological Sciences,College Of Letters & science,Pre-microbiology - immunology - molecular genetics,3.75 - 3.92,0.26119403,3.65 - 3.91,0.628571429,35,134,22,3.65,3.91,3.75,3.92
2018,Business & Management,College Of Letters & science,Pre-business economics,3.88 - 4.00,0.105038023,3.86 - 4.00,0.533936652,221,2104,118,3.86,4.00,3.88,4.00
2018,Computer & Information Sciences,School Of Engineering & applied sci,Computer science,3.90 - 4.00,0.075898802,3.90 - 4.00,0.631578947,114,1502,72,3.90,4.00,3.90,4.00
2018,Engineering,School Of Engineering & applied sci,Aerospace engineering,3.88 - 4.00,0.137931034,3.89 - 4.00,0.541666667,24,174,13,3.89,4.00,3.88,4.00
2018,Engineering,School Of Engineering & applied sci,Bioengineering,3.90 - 4.00,0.107594937,3.93 - 4.00,0.470588235,17,158,8,3.93,4.00,3.90,4.00
2018,Engineering,School Of Engineering & applied sci,Chemical engineering,3.87 - 3.96,0.204878049,3.87 - 3.96,0.357142857,42,205,15,3.87,3.96,3.87,3.96
2018,Engineering,School Of Engineering & applied sci,Civil engineering,3.81 - 3.94,0.180995475,3.85 - 3.92,0.325,40,221,13,3.85,3.92,3.81,3.94
2018,Engineering,School Of Engineering & applied sci,Computer engineering,3.89 - 4.00,0.139344262,3.76 - 3.97,0.352941176,17,122,6,3.76,3.97,3.89,4.00
2018,Engineering,School Of Engineering & applied sci,Computer science & engineering,3.90 - 4.00,0.214501511,3.87 - 4.00,0.408450704,71,331,29,3.87,4.00,3.90,4.00
2018,Engineering,School Of Engineering & applied sci,Electrical engineering,3.85 - 4.00,0.189376443,3.83 - 3.93,0.487804878,82,433,40,3.83,3.93,3.85,4.00
2018,Engineering,School Of Engineering & applied sci,Materials engineering,3.76 - 3.91,0.090909091,,0.375,8,88,3,,,3.76,3.91
2018,Engineering,School Of Engineering & applied sci,Mechanical engineering,3.90 - 4.00,0.08438061,3.89 - 3.95,0.531914894,47,557,25,3.89,3.95,3.90,4.00
2018,Fine & Applied Arts,College Of Letters & science,Art history,3.58 - 3.86,0.472972973,3.55 - 3.86,0.585714286,70,148,41,3.55,3.86,3.58,3.86
2018,Fine & Applied Arts,School Of Music,Musicology,3.54 - 4.00,0.428571429,3.54 - 4.00,1.0,6,14,6,3.54,4.00,3.54,4.00
2018,Fine & Applied Arts,School Of The arts & architecture,Art,3.28 - 3.85,0.11023622,3.30 - 3.88,0.75,28,254,21,3.30,3.88,3.28,3.85
2018,Fine & Applied Arts,School Of The arts & architecture,Dance,3.23 - 3.75,0.104166667,3.23 - 3.75,1.0,5,48,5,3.23,3.75,3.23,3.75
2018,Fine & Applied Arts,School Of The arts & architecture,Design media arts,3.38 - 3.70,0.036199095,3.59 - 3.71,0.75,8,221,6,3.59,3.71,3.38,3.70
2018,Fine & Applied Arts,School Of The arts & architecture,Ethnomusicology,3.27 - 3.55,0.310344828,3.27 - 3.44,0.888888889,9,29,8,3.27,3.44,3.27,3.55
2018,Fine & Applied Arts,School Of The arts & architecture,Music,3.41 - 3.82,0.04379562,,0.666666667,6,137,4,,,3.41,3.82
2018,Fine & Applied Arts,School Of The arts & architecture,World arts & culture,3.28 - 3.82,0.434782609,3.33 - 3.79,0.8,10,23,8,3.33,3.79,3.28,3.82
2018,Fine & Applied Arts,"School Of Theater, film and television",Film & television,3.68 - 3.94,0.016591252,3.66 - 3.96,0.909090909,11,663,10,3.66,3.96,3.68,3.94
2018,Fine & Applied Arts,"School Of Theater, film and television",Theater,3.43 - 3.75,0.049429658,3.43 - 3.75,1.0,13,263,13,3.43,3.75,3.43,3.75
2018,Foreign Languages & Lliterature,College Of Letters & science,Applied linguistics,3.56 - 3.93,0.4,3.74 - 3.93,0.5,12,30,6,3.74,3.93,3.56,3.93
2018,Foreign Languages & Lliterature,College Of Letters & science,Arabic,,0.363636364,,0.75,4,11,3,,,,
2018,Foreign Languages & Lliterature,College Of Letters & science,Asian languages and linguistics,3.35 - 3.88,0.382352941,3.30 - 3.88,0.846153846,13,34,11,3.30,3.88,3.35,3.88
2018,Foreign Languages & Lliterature,College Of Letters & science,Chinese,3.62 - 3.85,0.378378378,3.61 - 3.97,0.5,14,37,7,3.61,3.97,3.62,3.85
2018,Foreign Languages & Lliterature,College Of Letters & science,Comparative literature,3.47 - 3.88,0.549295775,3.40 - 3.84,0.435897436,39,71,17,3.40,3.84,3.47,3.88
2018,Foreign Languages & Lliterature,College Of Letters & science,French,3.54 - 3.94,0.541666667,3.54 - 3.94,0.384615385,13,24,5,3.54,3.94,3.54,3.94
2018,Foreign Languages & Lliterature,College Of Letters & science,French & linguistics,,0.571428571,,1.0,4,7,4,,,,
2018,Foreign Languages & Lliterature,College Of Letters & science,Italian,,0.5,,1.0,3,6,3,,,,
2018,Foreign Languages & Lliterature,College Of Letters & science,Japanese,3.43 - 3.81,0.505376344,3.44 - 3.80,0.638297872,47,93,30,3.44,3.80,3.43,3.81
2018,Foreign Languages & Lliterature,College Of Letters & science,Korean,3.59 - 3.82,0.375,3.51 - 3.83,0.777777778,9,24,7,3.51,3.83,3.59,3.82
2018,Foreign Languages & Lliterature,College Of Letters & science,Linguistics,3.59 - 3.86,0.439490446,3.52 - 3.86,0.536231884,69,157,37,3.52,3.86,3.59,3.86
2018,Foreign Languages & Lliterature,College Of Letters & science,Linguistics & anthropology,3.57 - 3.95,0.769230769,3.54 - 3.88,0.6,10,13,6,3.54,3.88,3.57,3.95
2018,Foreign Languages & Lliterature,College Of Letters & science,Linguistics & asian languages & cultures,3.52 - 3.79,0.444444444,3.50 - 3.77,0.8125,16,36,13,3.50,3.77,3.52,3.79
2018,Foreign Languages & Lliterature,College Of Letters & science,Linguistics & computer science,3.45 - 3.75,0.383333333,3.43 - 3.74,0.739130435,23,60,17,3.43,3.74,3.45,3.75
2018,Foreign Languages & Lliterature,College Of Letters & science,Linguistics & philosophy,,0.666666667,,0.75,4,6,3,,,,
2018,Foreign Languages & Lliterature,College Of Letters & science,Linguistics & psychology,3.59 - 3.85,0.360465116,3.57 - 3.83,0.741935484,31,86,23,3.57,3.83,3.59,3.85
2018,Foreign Languages & Lliterature,College Of Letters & science,Spanish,3.45 - 3.81,0.540540541,3.43 - 3.82,0.525,40,74,21,3.43,3.82,3.45,3.81
2018,Interdisciplinary Studies,College Of Letters & science,Communication,3.93 - 4.00,0.114931238,3.92 - 4.00,0.760683761,117,1018,89,3.92,4.00,3.93,4.00
2018,Interdisciplinary Studies,College Of Letters & science,Pre human biology and society,3.73 - 3.96,0.146551724,3.78 - 3.94,0.647058824,17,116,11,3.78,3.94,3.73,3.96
2018,Interdisciplinary Studies,College Of Letters & science,Pre-cognitive science,3.63 - 3.94,0.242236025,3.60 - 3.94,0.717948718,39,161,28,3.60,3.94,3.63,3.94
2018,Interdisciplinary Studies,College Of Letters & science,Pre-global studies,3.76 - 3.93,0.315151515,3.75 - 3.93,0.634615385,52,165,33,3.75,3.93,3.76,3.93
2018,Letters,College Of Letters & science,American literature & culture,3.28 - 3.77,0.516666667,3.24 - 3.74,0.806451613,31,60,25,3.24,3.74,3.28,3.77
2018,Letters,College Of Letters & science,English,3.62 - 3.93,0.434375,3.61 - 3.90,0.611510791,278,640,170,3.61,3.90,3.62,3.93
2018,Letters,College Of Letters & science,Jewish studies,3.53 - 3.80,0.5,3.50 - 3.73,0.714285714,7,14,5,3.50,3.73,3.53,3.80
2018,Letters,College Of Letters & science,Philosophy,3.57 - 3.89,0.482939633,3.53 - 3.89,0.625,184,381,115,3.53,3.89,3.57,3.89
2018,Letters,College Of Letters & science,Pre-history,3.51 - 3.89,0.596116505,3.49 - 3.87,0.693811075,307,515,213,3.49,3.87,3.51,3.89
2018,Letters,College Of Letters & science,Study of religion,3.41 - 3.49,0.5,3.37 - 3.50,0.888888889,9,18,8,3.37,3.50,3.41,3.49
2018,Mathematics,College Of Letters & science,Pre-applied mathematics,3.82 - 3.97,0.392857143,3.80 - 3.97,0.606060606,99,252,60,3.80,3.97,3.82,3.97
2018,Mathematics,College Of Letters & science,Pre-financial actuarial mathematics,3.87 - 4.00,0.329479769,3.88 - 4.00,0.754385965,57,173,43,3.88,4.00,3.87,4.00
2018,Mathematics,College Of Letters & science,Pre-mathematics,3.79 - 3.98,0.334615385,3.80 - 3.95,0.540229885,87,260,47,3.80,3.95,3.79,3.98
2018,Mathematics,College Of Letters & science,Pre-mathematics for teaching,3.68 - 3.80,0.285714286,3.64 - 3.79,0.714285714,14,49,10,3.64,3.79,3.68,3.80
2018,Mathematics,College Of Letters & science,Pre-mathematics of computation,3.75 - 3.96,0.456521739,3.80 - 3.95,0.428571429,21,46,9,3.80,3.95,3.75,3.96
2018,Mathematics,College Of Letters & science,Pre-mathematics/applied science,3.68 - 3.81,0.222222222,,0.666666667,6,27,4,,,3.68,3.81
2018,Mathematics,College Of Letters & science,Pre-mathematics/economics,3.89 - 4.00,0.317535545,3.87 - 3.95,0.597014925,67,211,40,3.87,3.95,3.89,4.00
2018,Mathematics,College Of Letters & science,Pre-statistics,3.88 - 3.99,0.409722222,3.88 - 3.96,0.601694915,118,288,71,3.88,3.96,3.88,3.99
2018,Nursing,School Of Nursing,Nursing - four year program,3.68 - 3.87,0.067073171,3.62 - 3.88,0.909090909,11,164,10,3.62,3.88,3.68,3.87
2018,Physical Sciences,College Of Letters & science,Astrophysics,3.71 - 3.94,0.154929577,3.70 - 3.83,0.454545455,11,71,5,3.70,3.83,3.71,3.94
2018,Physical Sciences,College Of Letters & science,Chemistry,3.73 - 3.94,0.208609272,3.71 - 3.93,0.523809524,63,302,33,3.71,3.93,3.73,3.94
2018,Physical Sciences,College Of Letters & science,Chemistry - material science,3.70 - 3.91,0.466666667,3.63 - 3.88,0.714285714,14,30,10,3.63,3.88,3.70,3.91
2018,Physical Sciences,College Of Letters & science,Geology,3.85 - 3.97,0.205882353,,0.428571429,7,34,3,,,3.85,3.97
2018,Physical Sciences,College Of Letters & science,Physics,3.74 - 3.94,0.336283186,3.79 - 3.94,0.276315789,76,226,21,3.79,3.94,3.74,3.94
2018,Psychology,College Of Letters & science,Pre-psychobiology,3.71 - 3.90,0.25,3.72 - 3.86,0.815789474,38,152,31,3.72,3.86,3.71,3.90
2018,Psychology,College Of Letters & science,Pre-psychology,3.78 - 4.00,0.199772339,3.77 - 4.00,0.809116809,351,1757,284,3.77,4.00,3.78,4.00
2018,Social Sciences,College Of Letters & science,Anthropology,3.55 - 3.85,0.467836257,3.53 - 3.86,0.629166667,240,513,151,3.53,3.86,3.55,3.85
2018,Social Sciences,College Of Letters & science,Geography,3.41 - 3.73,0.605633803,3.40 - 3.67,0.651162791,43,71,28,3.40,3.67,3.41,3.73
2018,Social Sciences,College Of Letters & science,Geography/environmental studies,3.68 - 3.88,0.25,3.64 - 3.84,0.777777778,18,72,14,3.64,3.84,3.68,3.88
2018,Social Sciences,College Of Letters & science,Pre international development studies,3.82 - 3.97,0.24,3.85 - 4.00,0.766666667,30,125,23,3.85,4.00,3.82,3.97
2018,Social Sciences,College Of Letters & science,Pre-economics,3.86 - 4.00,0.132556446,3.78 - 4.00,0.5,182,1373,91,3.78,4.00,3.86,4.00
2018,Social Sciences,College Of Letters & science,Pre-political science,3.72 - 3.93,0.336356142,3.70 - 3.92,0.583333333,408,1213,238,3.70,3.92,3.72,3.93
2018,Social Sciences,College Of Letters & science,Pre-sociology,3.69 - 3.94,0.346791637,3.68 - 3.92,0.636174636,481,1387,306,3.68,3.92,3.69,3.94
2018,Social Sciences,College Of Letters & science,Undeclared - social science,3.00 - 3.41,1.0,3.00 - 3.41,1.0,10,10,10,3.00,3.41,3.00,3.41
2019,Agriculture & Natural Resources,College Of Letters & science,Environmental science,3.64 - 3.89,0.231404959,3.61 - 3.74,0.428571429,28,121,12,3.61,3.74,3.64,3.89
2019,Architecture & Environ Design,School Of The arts & architecture,Architectural studies,3.62 - 3.94,0.151960784,3.60 - 3.78,0.516129032,31,204,16,3.60,3.78,3.62,3.94
2019,"Area, Ethn, Cultur & Gender Stu",College Of Letters & science,African american studies,3.34 - 3.72,0.385714286,3.34 - 3.67,0.666666667,27,70,18,3.34,3.67,3.34,3.72
2019,"Area, Ethn, Cultur & Gender Stu",College Of Letters & science,American indian studies,3.47 - 3.60,0.5,3.38 - 3.58,0.7,10,20,7,3.38,3.58,3.47,3.60
2019,"Area, Ethn, Cultur & Gender Stu",College Of Letters & science,Asian american studies,3.64 - 3.82,0.285714286,3.60 - 3.80,0.4375,16,56,7,3.60,3.80,3.64,3.82
2019,"Area, Ethn, Cultur & Gender Stu",College Of Letters & science,Asian humanities,3.60 - 3.90,0.252525253,3.56 - 3.82,0.6,25,99,15,3.56,3.82,3.60,3.90
2019,"Area, Ethn, Cultur & Gender Stu",College Of Letters & science,Chicana & chicano studies,3.38 - 3.70,0.428571429,3.32 - 3.67,0.476190476,42,98,20,3.32,3.67,3.38,3.70
2019,"Area, Ethn, Cultur & Gender Stu",College Of Letters & science,Gender studies,3.53 - 3.86,0.39380531,3.53 - 3.83,0.662921348,89,226,59,3.53,3.83,3.53,3.86
2019,"Area, Ethn, Cultur & Gender Stu",College Of Letters & science,Pre-asian studies,3.65 - 3.86,0.243478261,3.68 - 3.84,0.642857143,28,115,18,3.68,3.84,3.65,3.86
2019,"Area, Ethn, Cultur & Gender Stu",College Of Letters & science,Pre-latin american studies,,0.25,,1.0,4,16,4,,,,
2019,"Area, Ethn, Cultur & Gender Stu",College Of Letters & science,Spanish and community and culture,3.50 - 3.82,0.611111111,3.37 - 3.66,0.636363636,11,18,7,3.37,3.66,3.50,3.82
2019,Biological Sciences,College Of Letters & science,Biochemistry,3.80 - 3.96,0.29950495,3.81 - 3.96,0.52892562,121,404,64,3.81,3.96,3.80,3.96
2019,Biological Sciences,College Of Letters & science,Biology,3.78 - 3.94,0.161706349,3.76 - 3.93,0.570552147,163,1008,93,3.76,3.93,3.78,3.94
2019,Biological Sciences,College Of Letters & science,Microbiology - immunology - molecular genetics,3.74 - 3.93,0.311926606,3.69 - 3.92,0.588235294,34,109,20,3.69,3.92,3.74,3.93
2019,Biological Sciences,College Of Letters & science,"Molecular, cell, & developmental biology",3.81 - 3.95,0.300847458,3.81 - 3.95,0.577464789,71,236,41,3.81,3.95,3.81,3.95
2019,Biological Sciences,College Of Letters & science,Neuroscience,3.67 - 3.92,0.205128205,3.66 - 3.92,0.75,40,195,30,3.66,3.92,3.67,3.92
2019,Biological Sciences,College Of Letters & science,Physiological science,3.67 - 3.91,0.265486726,3.66 - 3.90,0.833333333,30,113,25,3.66,3.90,3.67,3.91
2019,Business & Management,College Of Letters & science,Pre-business economics,3.90 - 4.00,0.094037809,3.84 - 4.00,0.515463918,194,2063,100,3.84,4.00,3.90,4.00
2019,"Communication, Journalism & Rel",College Of Letters & science,Communication,3.91 - 4.00,0.111641221,3.91 - 4.00,0.777777778,117,1048,91,3.91,4.00,3.91,4.00
2019,Computer & Information Sciences,School Of Engineering & applied sci,Computer science,3.87 - 4.00,0.054534314,3.85 - 3.96,0.606741573,89,1632,54,3.85,3.96,3.87,4.00
2019,Engineering,School Of Engineering & applied sci,Aerospace engineering,3.79 - 4.00,0.147727273,3.79 - 3.95,0.653846154,26,176,17,3.79,3.95,3.79,4.00
2019,Engineering,School Of Engineering & applied sci,Bioengineering,3.85 - 4.00,0.133333333,3.85 - 3.99,0.4,20,150,8,3.85,3.99,3.85,4.00
2019,Engineering,School Of Engineering & applied sci,Chemical engineering,3.83 - 3.94,0.268292683,3.84 - 3.94,0.436363636,55,205,24,3.84,3.94,3.83,3.94
2019,Engineering,School Of Engineering & applied sci,Civil engineering,3.82 - 4.00,0.226130653,3.82 - 3.94,0.377777778,45,199,17,3.82,3.94,3.82,4.00
2019,Engineering,School Of Engineering & applied sci,Computer engineering,3.87 - 3.97,0.096774194,3.91 - 3.95,0.583333333,12,124,7,3.91,3.95,3.87,3.97
2019,Engineering,School Of Engineering & applied sci,Computer science & engineering,3.94 - 4.00,0.147766323,3.86 - 4.00,0.418604651,43,291,18,3.86,4.00,3.94,4.00
2019,Engineering,School Of Engineering & applied sci,Electrical engineering,3.81 - 3.96,0.230576441,3.80 - 3.96,0.554347826,92,399,51,3.80,3.96,3.81,3.96
2019,Engineering,School Of Engineering & applied sci,Materials engineering,3.83 - 4.00,0.184615385,3.88 - 4.00,0.5,12,65,6,3.88,4.00,3.83,4.00
2019,Engineering,School Of Engineering & applied sci,Mechanical engineering,3.85 - 4.00,0.147001934,3.84 - 3.96,0.342105263,76,517,26,3.84,3.96,3.85,4.00
2019,Fine & Applied Arts,College Of Letters & science,Art history,3.53 - 3.87,0.462121212,3.51 - 3.90,0.672131148,61,132,41,3.51,3.90,3.53,3.87
2019,Fine & Applied Arts,School Of Music,Musicology,,0.25,,1.0,3,12,3,,,,
2019,Fine & Applied Arts,School Of The arts & architecture,Art,3.02 - 3.80,0.065637066,3.02 - 3.74,0.764705882,17,259,13,3.02,3.74,3.02,3.80
2019,Fine & Applied Arts,School Of The arts & architecture,Dance,3.15 - 3.66,0.11627907,,0.8,5,43,4,,,3.15,3.66
2019,Fine & Applied Arts,School Of The arts & architecture,Design media arts,3.72 - 4.00,0.063670412,3.70 - 3.97,0.882352941,17,267,15,3.70,3.97,3.72,4.00
2019,Fine & Applied Arts,School Of The arts & architecture,Ethnomusicology,3.40 - 3.51,0.333333333,,0.8,5,15,4,,,3.40,3.51
2019,Fine & Applied Arts,School Of The arts & architecture,Music,3.49 - 3.89,0.073684211,3.69 - 4.00,0.714285714,7,95,5,3.69,4.00,3.49,3.89
2019,Fine & Applied Arts,School Of The arts & architecture,World arts & culture,3.37 - 3.77,0.3,3.27 - 3.69,0.5,12,40,6,3.27,3.69,3.37,3.77
2019,Fine & Applied Arts,"School Of Theater, film and television",Film & television,3.64 - 4.00,0.020802377,3.65 - 4.00,0.928571429,14,673,13,3.65,4.00,3.64,4.00
2019,Fine & Applied Arts,"School Of Theater, film and television",Theater,3.55 - 3.94,0.039473684,3.63 - 3.98,0.833333333,12,304,10,3.63,3.98,3.55,3.94
2019,Foreign Languages & Lliterature,College Of Letters & science,Applied linguistics,3.33 - 3.91,0.4,3.33 - 3.91,1.0,6,15,6,3.33,3.91,3.33,3.91
2019,Foreign Languages & Lliterature,College Of Letters & science,Asian languages and linguistics,3.76 - 4.00,0.225806452,3.75 - 4.00,0.857142857,7,31,6,3.75,4.00,3.76,4.00
2019,Foreign Languages & Lliterature,College Of Letters & science,Chinese,3.56 - 3.86,0.121212121,3.62 - 3.88,0.75,8,66,6,3.62,3.88,3.56,3.86
2019,Foreign Languages & Lliterature,College Of Letters & science,Comparative literature,3.45 - 3.79,0.426470588,3.42 - 3.78,0.448275862,29,68,13,3.42,3.78,3.45,3.79
2019,Foreign Languages & Lliterature,College Of Letters & science,French,3.37 - 3.67,0.333333333,,0.444444444,9,27,4,,,3.37,3.67
2019,Foreign Languages & Lliterature,College Of Letters & science,Japanese,3.62 - 3.85,0.483516484,3.60 - 3.83,0.659090909,44,91,29,3.60,3.83,3.62,3.85
2019,Foreign Languages & Lliterature,College Of Letters & science,Korean,3.76 - 3.90,0.347826087,3.79 - 3.89,0.75,8,23,6,3.79,3.89,3.76,3.90
2019,Foreign Languages & Lliterature,College Of Letters & science,Linguistics,3.64 - 3.90,0.337078652,3.56 - 3.86,0.683333333,60,178,41,3.56,3.86,3.64,3.90
2019,Foreign Languages & Lliterature,College Of Letters & science,Linguistics - english,3.64 - 3.90,0.6,3.74 - 3.92,0.833333333,6,10,5,3.74,3.92,3.64,3.90
2019,Foreign Languages & Lliterature,College Of Letters & science,Linguistics & asian languages & cultures,3.73 - 3.91,0.208955224,3.72 - 3.89,0.642857143,14,67,9,3.72,3.89,3.73,3.91
2019,Foreign Languages & Lliterature,College Of Letters & science,Linguistics & computer science,3.73 - 3.89,0.352112676,3.66 - 3.88,0.52,25,71,13,3.66,3.88,3.73,3.89
2019,Foreign Languages & Lliterature,College Of Letters & science,Linguistics & psychology,3.53 - 3.89,0.555555556,3.55 - 3.90,0.9,30,54,27,3.55,3.90,3.53,3.89
2019,Foreign Languages & Lliterature,College Of Letters & science,Linguistics & spanish,3.68 - 4.00,0.5,,0.6,5,10,3,,,3.68,4.00
2019,Foreign Languages & Lliterature,College Of Letters & science,Spanish,3.52 - 3.88,0.435897436,3.56 - 3.85,0.529411765,34,78,18,3.56,3.85,3.52,3.88
2019,Interdisciplinary Studies,College Of Letters & science,Classical civilization,3.63 - 3.88,0.4,,0.375,8,20,3,,,3.63,3.88
2019,Interdisciplinary Studies,College Of Letters & science,Pre human biology and society,3.78 - 3.93,0.208695652,3.78 - 3.91,0.5,24,115,12,3.78,3.91,3.78,3.93
2019,Interdisciplinary Studies,College Of Letters & science,Pre-cognitive science,3.71 - 3.91,0.268867925,3.73 - 3.91,0.561403509,57,212,32,3.73,3.91,3.71,3.91
2019,Interdisciplinary Studies,College Of Letters & science,Pre-global studies,3.78 - 3.97,0.368421053,3.78 - 4.00,0.53968254,63,171,34,3.78,4.00,3.78,3.97
2019,Letters,College Of Letters & science,American literature & culture,3.51 - 3.87,0.52,3.44 - 3.78,0.717948718,39,75,28,3.44,3.78,3.51,3.87
2019,Letters,College Of Letters & science,English,3.69 - 3.95,0.372056515,3.68 - 3.93,0.548523207,237,637,130,3.68,3.93,3.69,3.95
2019,Letters,College Of Letters & science,Philosophy,3.65 - 3.91,0.462311558,3.61 - 3.86,0.608695652,184,398,112,3.61,3.86,3.65,3.91
2019,Letters,College Of Letters & science,Pre-history,3.62 - 3.93,0.511538462,3.60 - 3.93,0.695488722,266,520,185,3.60,3.93,3.62,3.93
2019,Letters,College Of Letters & science,Study of religion,3.66 - 4.00,0.3125,3.66 - 4.00,1.0,5,16,5,3.66,4.00,3.66,4.00
2019,Mathematics,College Of Letters & science,Pre-applied mathematics,3.82 - 3.97,0.341911765,3.82 - 3.95,0.580645161,93,272,54,3.82,3.95,3.82,3.97
2019,Mathematics,College Of Letters & science,Pre-financial actuarial mathematics,3.90 - 4.00,0.324503311,3.85 - 4.00,0.673469388,49,151,33,3.85,4.00,3.90,4.00
2019,Mathematics,College Of Letters & science,Pre-mathematics,3.80 - 4.00,0.262172285,3.78 - 3.99,0.5,70,267,35,3.78,3.99,3.80,4.00
2019,Mathematics,College Of Letters & science,Pre-mathematics for teaching,3.82 - 4.00,0.224137931,,0.230769231,13,58,3,,,3.82,4.00
2019,Mathematics,College Of Letters & science,Pre-mathematics of computation,3.80 - 4.00,0.460526316,3.73 - 3.96,0.342857143,35,76,12,3.73,3.96,3.80,4.00
2019,Mathematics,College Of Letters & science,Pre-mathematics/applied science,3.73 - 4.00,0.275862069,3.82 - 4.00,0.75,8,29,6,3.82,4.00,3.73,4.00
2019,Mathematics,College Of Letters & science,Pre-mathematics/economics,3.86 - 4.00,0.372093023,3.83 - 4.00,0.625,64,172,40,3.83,4.00,3.86,4.00
2019,Mathematics,College Of Letters & science,Pre-statistics,3.87 - 4.00,0.390946502,3.84 - 4.00,0.515789474,95,243,49,3.84,4.00,3.87,4.00
2019,Nursing,School Of Nursing,Nursing - four year program,3.59 - 3.91,0.066666667,3.53 - 3.87,0.909090909,11,165,10,3.53,3.87,3.59,3.91
2019,Physical Sciences,College Of Letters & science,Astrophysics,3.90 - 4.00,0.191489362,,0.333333333,9,47,3,,,3.90,4.00
2019,Physical Sciences,College Of Letters & science,Chemistry,3.81 - 3.96,0.232209738,3.75 - 3.96,0.596774194,62,267,37,3.75,3.96,3.81,3.96
2019,Physical Sciences,College Of Letters & science,Geology,,0.111111111,,0.75,4,36,3,,,,
2019,Physical Sciences,College Of Letters & science,Physics,3.81 - 3.97,0.260869565,3.72 - 3.95,0.444444444,54,207,24,3.72,3.95,3.81,3.97
2019,Psychology,College Of Letters & science,Pre-psychobiology,3.72 - 3.93,0.243589744,3.72 - 3.92,0.815789474,38,156,31,3.72,3.92,3.72,3.93
2019,Psychology,College Of Letters & science,Pre-psychology,3.78 - 4.00,0.190203231,3.78 - 4.00,0.802739726,365,1919,293,3.78,4.00,3.78,4.00
2019,Public Admin & Social Serv Prof,College Of Letters & science,Pre-public affairs,3.59 - 3.86,0.252873563,3.58 - 3.86,0.590909091,22,87,13,3.58,3.86,3.59,3.86
2019,Social Sciences,College Of Letters & science,Anthropology,3.63 - 3.91,0.406813627,3.60 - 3.91,0.57635468,203,499,117,3.60,3.91,3.63,3.91
2019,Social Sciences,College Of Letters & science,Geography,3.53 - 3.91,0.528301887,3.55 - 3.92,0.535714286,56,106,30,3.55,3.92,3.53,3.91
2019,Social Sciences,College Of Letters & science,Geography/environmental studies,3.51 - 3.78,0.321428571,3.58 - 3.76,0.666666667,18,56,12,3.58,3.76,3.51,3.78
2019,Social Sciences,College Of Letters & science,Pre international development studies,3.80 - 3.95,0.285714286,3.78 - 3.95,0.625,32,112,20,3.78,3.95,3.80,3.95
2019,Social Sciences,College Of Letters & science,Pre-economics,3.89 - 4.00,0.118886381,3.86 - 4.00,0.575949367,158,1329,91,3.86,4.00,3.89,4.00
2019,Social Sciences,College Of Letters & science,Pre-political science,3.78 - 4.00,0.327666151,3.78 - 4.00,0.622641509,424,1294,264,3.78,4.00,3.78,4.00
2019,Social Sciences,College Of Letters & science,Pre-sociology,3.72 - 3.94,0.359397418,3.72 - 3.94,0.666666667,501,1394,334,3.72,3.94,3.72,3.94
2019,Social Sciences,College Of Letters & science,Undeclared - social science,2.70 - 3.57,1.0,2.70 - 3.57,1.0,9,9,9,2.70,3.57,2.70,3.57
2020,Agriculture & Natural Resources,College Of Letters & science,Environmental science,3.51 - 3.84,0.179310345,3.41 - 3.87,0.5,26,145,13,3.41,3.87,3.51,3.84
2020,Architecture & Environ Design,School Of The arts & architecture,Architectural studies,3.61 - 3.94,0.13877551,3.58 - 3.90,0.676470588,34,245,23,3.58,3.90,3.61,3.94
2020,"Area, Ethn, Cultur & Gender Stu",College Of Letters & science,African american studies,3.25 - 3.62,0.291666667,3.24 - 3.56,0.714285714,21,72,15,3.24,3.56,3.25,3.62
2020,"Area, Ethn, Cultur & Gender Stu",College Of Letters & science,American indian studies,3.33 - 3.44,0.4,,0.666666667,6,15,4,,,3.33,3.44
2020,"Area, Ethn, Cultur & Gender Stu",College Of Letters & science,Asian american studies,3.46 - 3.70,0.368421053,3.44 - 3.70,0.642857143,14,38,9,3.44,3.70,3.46,3.70
2020,"Area, Ethn, Cultur & Gender Stu",College Of Letters & science,Asian humanities,3.57 - 3.86,0.298507463,3.56 - 3.80,0.35,20,67,7,3.56,3.80,3.57,3.86
2020,"Area, Ethn, Cultur & Gender Stu",College Of Letters & science,Chicana & chicano studies,3.26 - 3.73,0.406976744,3.25 - 3.63,0.685714286,35,86,24,3.25,3.63,3.26,3.73
2020,"Area, Ethn, Cultur & Gender Stu",College Of Letters & science,Gender studies,3.53 - 3.86,0.426229508,3.54 - 3.84,0.730769231,78,183,57,3.54,3.84,3.53,3.86
2020,"Area, Ethn, Cultur & Gender Stu",College Of Letters & science,Pre-asian studies,3.67 - 3.90,0.348837209,3.63 - 3.88,0.466666667,30,86,14,3.63,3.88,3.67,3.90
2020,"Area, Ethn, Cultur & Gender Stu",College Of Letters & science,Spanish and community and culture,3.44 - 3.70,0.525,3.35 - 3.81,0.476190476,21,40,10,3.35,3.81,3.44,3.70
2020,Biological Sciences,College Of Letters & science,Biochemistry,3.73 - 3.96,0.37434555,3.70 - 3.93,0.517482517,143,382,74,3.70,3.93,3.73,3.96
2020,Biological Sciences,College Of Letters & science,Biology,3.76 - 3.96,0.205020921,3.72 - 3.94,0.566326531,196,956,111,3.72,3.94,3.76,3.96
2020,Biological Sciences,College Of Letters & science,"Ecology, behavior & evolution",3.59 - 3.93,0.158536585,3.59 - 3.83,0.538461538,13,82,7,3.59,3.83,3.59,3.93
2020,Biological Sciences,College Of Letters & science,Microbiology - immunology - molecular genetics,3.75 - 3.99,0.268518519,3.71 - 3.92,0.568965517,58,216,33,3.71,3.92,3.75,3.99
2020,Biological Sciences,College Of Letters & science,"Molecular, cell, & developmental biology",3.76 - 3.94,0.37962963,3.75 - 3.93,0.609756098,82,216,50,3.75,3.93,3.76,3.94
2020,Biological Sciences,College Of Letters & science,Neuroscience,3.72 - 3.96,0.221105528,3.70 - 3.87,0.636363636,44,199,28,3.70,3.87,3.72,3.96
2020,Biological Sciences,College Of Letters & science,Physiological science,3.70 - 3.89,0.292857143,3.68 - 3.89,0.780487805,41,140,32,3.68,3.89,3.70,3.89
2020,Biological Sciences,College Of Letters & science,Pre-computational & systems biology,3.51 - 3.62,0.357142857,3.51 - 3.62,1.0,5,14,5,3.51,3.62,3.51,3.62
2020,Business & Management,College Of Letters & science,Labor studies,3.45 - 3.87,0.32,,0.375,8,25,3,,,3.45,3.87
2020,Business & Management,College Of Letters & science,Pre-business economics,3.85 - 4.00,0.115014437,3.84 - 4.00,0.60251046,239,2078,144,3.84,4.00,3.85,4.00
2020,"Communication, Journalism & Rel",College Of Letters & science,Communication,3.95 - 4.00,0.091673675,3.95 - 4.00,0.76146789,109,1189,83,3.95,4.00,3.95,4.00
2020,Computer & Information Sciences,School Of Engineering & applied sci,Computer science,3.93 - 4.00,0.044705882,3.92 - 4.00,0.605263158,76,1700,46,3.92,4.00,3.93,4.00
2020,Engineering,School Of Engineering & applied sci,Aerospace engineering,3.88 - 3.97,0.09478673,3.90 - 4.00,0.75,20,211,15,3.90,4.00,3.88,3.97
2020,Engineering,School Of Engineering & applied sci,Bioengineering,3.77 - 4.00,0.138686131,,0.157894737,19,137,3,,,3.77,4.00
2020,Engineering,School Of Engineering & applied sci,Chemical engineering,3.82 - 4.00,0.276243094,3.76 - 3.99,0.4,50,181,20,3.76,3.99,3.82,4.00
2020,Engineering,School Of Engineering & applied sci,Civil engineering,3.75 - 3.92,0.216,3.67 - 3.91,0.314814815,54,250,17,3.67,3.91,3.75,3.92
2020,Engineering,School Of Engineering & applied sci,Computer engineering,3.91 - 4.00,0.02688172,,0.8,5,186,4,,,3.91,4.00
2020,Engineering,School Of Engineering & applied sci,Computer science & engineering,3.95 - 4.00,0.066852368,3.92 - 4.00,0.333333333,24,359,8,3.92,4.00,3.95,4.00
2020,Engineering,School Of Engineering & applied sci,Electrical engineering,3.79 - 4.00,0.302702703,3.78 - 4.00,0.5,112,370,56,3.78,4.00,3.79,4.00
2020,Engineering,School Of Engineering & applied sci,Materials engineering,3.69 - 3.92,0.35,,0.214285714,14,40,3,,,3.69,3.92
2020,Engineering,School Of Engineering & applied sci,Mechanical engineering,3.83 - 4.00,0.139705882,3.82 - 4.00,0.447368421,76,544,34,3.82,4.00,3.83,4.00
2020,Fine & Applied Arts,College Of Letters & science,Art history,3.55 - 3.89,0.590604027,3.44 - 3.87,0.579545455,88,149,51,3.44,3.87,3.55,3.89
2020,Fine & Applied Arts,School Of The arts & architecture,Art,3.32 - 3.66,0.078947368,3.30 - 3.66,0.833333333,24,304,20,3.30,3.66,3.32,3.66
2020,Fine & Applied Arts,School Of The arts & architecture,Dance,,0.063829787,,1.0,3,47,3,,,,
2020,Fine & Applied Arts,School Of The arts & architecture,Design media arts,3.56 - 3.84,0.058441558,3.54 - 3.83,0.888888889,18,308,16,3.54,3.83,3.56,3.84
2020,Fine & Applied Arts,School Of The arts & architecture,Ethnomusicology,3.75 - 3.99,0.666666667,3.76 - 4.00,0.8,10,15,8,3.76,4.00,3.75,3.99
2020,Fine & Applied Arts,School Of The arts & architecture,World arts & culture,3.62 - 3.84,0.333333333,3.62 - 3.84,1.0,9,27,9,3.62,3.84,3.62,3.84
2020,Fine & Applied Arts,"School Of Theater, film and television",Film & television,3.80 - 3.94,0.01547619,3.82 - 3.97,0.846153846,13,840,11,3.82,3.97,3.80,3.94
2020,Fine & Applied Arts,"School Of Theater, film and television",Theater,3.75 - 3.88,0.031690141,3.69 - 3.87,0.888888889,9,284,8,3.69,3.87,3.75,3.88
2020,Foreign Languages & Lliterature,College Of Letters & science,Asian languages and linguistics,3.37 - 3.77,0.333333333,3.37 - 3.77,1.0,10,30,10,3.37,3.77,3.37,3.77
2020,Foreign Languages & Lliterature,College Of Letters & science,Chinese,3.59 - 3.85,0.333333333,3.57 - 3.79,0.5,18,54,9,3.57,3.79,3.59,3.85
2020,Foreign Languages & Lliterature,College Of Letters & science,Comparative literature,3.57 - 3.87,0.528301887,3.47 - 3.78,0.571428571,28,53,16,3.47,3.78,3.57,3.87
2020,Foreign Languages & Lliterature,College Of Letters & science,French,3.53 - 3.94,0.611111111,,0.363636364,11,18,4,,,3.53,3.94
2020,Foreign Languages & Lliterature,College Of Letters & science,Japanese,3.55 - 3.91,0.505494505,3.42 - 3.87,0.630434783,46,91,29,3.42,3.87,3.55,3.91
2020,Foreign Languages & Lliterature,College Of Letters & science,Korean,3.78 - 3.87,0.4,3.78 - 3.85,0.75,8,20,6,3.78,3.85,3.78,3.87
2020,Foreign Languages & Lliterature,College Of Letters & science,Linguistics,3.62 - 3.91,0.45631068,3.52 - 3.89,0.574468085,47,103,27,3.52,3.89,3.62,3.91
2020,Foreign Languages & Lliterature,College Of Letters & science,Linguistics - english,3.66 - 3.91,0.294117647,,0.8,5,17,4,,,3.66,3.91
2020,Foreign Languages & Lliterature,College Of Letters & science,Linguistics & anthropology,3.64 - 3.81,0.282608696,3.62 - 3.78,0.615384615,13,46,8,3.62,3.78,3.64,3.81
2020,Foreign Languages & Lliterature,College Of Letters & science,Linguistics & asian languages & cultures,3.69 - 3.91,0.169014085,3.68 - 3.90,0.5,24,142,12,3.68,3.90,3.69,3.91
2020,Foreign Languages & Lliterature,College Of Letters & science,Linguistics & computer science,3.63 - 3.93,0.280487805,3.57 - 3.82,0.608695652,23,82,14,3.57,3.82,3.63,3.93
2020,Foreign Languages & Lliterature,College Of Letters & science,Linguistics & philosophy,3.42 - 3.86,0.275862069,3.39 - 3.77,0.625,8,29,5,3.39,3.77,3.42,3.86
2020,Foreign Languages & Lliterature,College Of Letters & science,Linguistics & psychology,3.51 - 3.89,0.4,3.55 - 3.88,0.647058824,34,85,22,3.55,3.88,3.51,3.89
2020,Foreign Languages & Lliterature,College Of Letters & science,Linguistics & spanish,3.56 - 3.78,0.555555556,,0.6,5,9,3,,,3.56,3.78
2020,Foreign Languages & Lliterature,College Of Letters & science,Spanish,3.37 - 3.80,0.413333333,3.37 - 3.71,0.419354839,31,75,13,3.37,3.71,3.37,3.80
2020,Foreign Languages & Lliterature,College Of Letters & science,Spanish & linguistics,3.60 - 3.71,0.526315789,3.62 - 3.93,0.6,10,19,6,3.62,3.93,3.60,3.71
2020,Interdisciplinary Studies,College Of Letters & science,Applied linguistics,3.56 - 3.82,0.545454545,3.53 - 3.74,0.416666667,24,44,10,3.53,3.74,3.56,3.82
2020,Interdisciplinary Studies,College Of Letters & science,Classical civilization,3.49 - 3.79,0.416666667,,0.6,5,12,3,,,3.49,3.79
2020,Interdisciplinary Studies,College Of Letters & science,Pre human biology and society,3.73 - 3.92,0.171428571,3.76 - 3.90,0.5,36,210,18,3.76,3.90,3.73,3.92
2020,Interdisciplinary Studies,College Of Letters & science,Pre-cognitive science,3.74 - 3.94,0.373786408,3.70 - 3.94,0.636363636,77,206,49,3.70,3.94,3.74,3.94
2020,Interdisciplinary Studies,College Of Letters & science,Pre-global studies,3.77 - 3.98,0.314285714,3.77 - 4.00,0.575757576,66,210,38,3.77,4.00,3.77,3.98
2020,Letters,College Of Letters & science,American literature & culture,3.48 - 3.73,0.453125,3.49 - 3.81,0.75862069,29,64,22,3.49,3.81,3.48,3.73
2020,Letters,College Of Letters & science,English,3.68 - 3.93,0.432653061,3.63 - 3.92,0.534591195,318,735,170,3.63,3.92,3.68,3.93
2020,Letters,College Of Letters & science,Philosophy,3.54 - 3.86,0.536723164,3.53 - 3.85,0.563157895,190,354,107,3.53,3.85,3.54,3.86
2020,Letters,College Of Letters & science,Pre-history,3.62 - 3.93,0.527075812,3.59 - 3.93,0.671232877,292,554,196,3.59,3.93,3.62,3.93
2020,Mathematics,College Of Letters & science,Pre-applied mathematics,3.78 - 3.98,0.423529412,3.77 - 3.98,0.601851852,108,255,65,3.77,3.98,3.78,3.98
2020,Mathematics,College Of Letters & science,Pre-data theory,3.70 - 4.00,0.543859649,3.64 - 3.94,0.532258065,62,114,33,3.64,3.94,3.70,4.00
2020,Mathematics,College Of Letters & science,Pre-financial actuarial mathematics,3.87 - 4.00,0.371428571,3.86 - 4.00,0.634615385,52,140,33,3.86,4.00,3.87,4.00
2020,Mathematics,College Of Letters & science,Pre-mathematics,3.81 - 4.00,0.358156028,3.77 - 3.97,0.524752475,101,282,53,3.77,3.97,3.81,4.00
2020,Mathematics,College Of Letters & science,Pre-mathematics for teaching,3.64 - 3.87,0.333333333,3.65 - 3.80,0.529411765,17,51,9,3.65,3.80,3.64,3.87
2020,Mathematics,College Of Letters & science,Pre-mathematics of computation,3.79 - 3.95,0.447916667,3.76 - 3.91,0.558139535,43,96,24,3.76,3.91,3.79,3.95
2020,Mathematics,College Of Letters & science,Pre-mathematics/applied science,3.51 - 3.85,0.409090909,,0.444444444,9,22,4,,,3.51,3.85
2020,Mathematics,College Of Letters & science,Pre-mathematics/economics,3.85 - 3.98,0.363095238,3.84 - 3.97,0.754098361,61,168,46,3.84,3.97,3.85,3.98
2020,Mathematics,College Of Letters & science,Pre-statistics,3.89 - 4.00,0.352348993,3.85 - 4.00,0.552380952,105,298,58,3.85,4.00,3.89,4.00
2020,Nursing,School Of Nursing,Nursing - four year program,3.64 - 3.85,0.050209205,3.62 - 3.82,0.833333333,12,239,10,3.62,3.82,3.64,3.85
2020,Physical Sciences,College Of Letters & science,Astrophysics,3.81 - 3.95,0.23880597,3.83 - 3.88,0.4375,16,67,7,3.83,3.88,3.81,3.95
2020,Physical Sciences,College Of Letters & science,Chemistry,3.72 - 3.95,0.290102389,3.70 - 3.91,0.470588235,85,293,40,3.70,3.91,3.72,3.95
2020,Physical Sciences,College Of Letters & science,Earth and environmental science,3.73 - 3.95,0.27027027,,0.4,10,37,4,,,3.73,3.95
2020,Physical Sciences,College Of Letters & science,Geology,3.71 - 3.80,0.263157895,,0.6,5,19,3,,,3.71,3.80
2020,Physical Sciences,College Of Letters & science,Physics,3.77 - 3.95,0.323529412,3.66 - 3.94,0.454545455,66,204,30,3.66,3.94,3.77,3.95
2020,Psychology,College Of Letters & science,Pre-psychobiology,3.70 - 3.94,0.310344828,3.68 - 3.93,0.759259259,54,174,41,3.68,3.93,3.70,3.94
2020,Psychology,College Of Letters & science,Pre-psychology,3.77 - 4.00,0.191622103,3.77 - 4.00,0.781395349,430,2244,336,3.77,4.00,3.77,4.00
2020,Public Admin & Social Serv Prof,College Of Letters & science,Pre-public affairs,3.49 - 3.84,0.3125,3.52 - 3.84,0.6,40,128,24,3.52,3.84,3.49,3.84
2020,Social Sciences,College Of Letters & science,Anthropology,3.58 - 3.88,0.470588235,3.55 - 3.85,0.65625,224,476,147,3.55,3.85,3.58,3.88
2020,Social Sciences,College Of Letters & science,Geography,3.47 - 3.85,0.588235294,3.36 - 3.82,0.633333333,60,102,38,3.36,3.82,3.47,3.85
2020,Social Sciences,College Of Letters & science,Geography/environmental studies,3.54 - 3.96,0.566037736,3.58 - 3.96,0.6,30,53,18,3.58,3.96,3.54,3.96
2020,Social Sciences,College Of Letters & science,Pre international development studies,3.58 - 3.89,0.276190476,3.57 - 3.94,0.448275862,29,105,13,3.57,3.94,3.58,3.89
2020,Social Sciences,College Of Letters & science,Pre-economics,3.83 - 4.00,0.165880503,3.80 - 4.00,0.611374408,211,1272,129,3.80,4.00,3.83,4.00
2020,Social Sciences,College Of Letters & science,Pre-political science,3.73 - 3.97,0.387073348,3.71 - 3.94,0.60412758,533,1377,322,3.71,3.94,3.73,3.97
2020,Social Sciences,College Of Letters & science,Pre-sociology,3.70 - 3.93,0.381182147,3.67 - 3.93,0.610759494,632,1658,386,3.67,3.93,3.70,3.93
2021,Agriculture & Natural Resources,College Of Letters & science,Environmental science,3.64 - 3.93,0.263888889,3.60 - 3.94,0.473684211,38,144,18,3.60,3.94,3.64,3.93
2021,Architecture & Environ Design,School Of The arts & architecture,Architectural studies,3.77 - 4.00,0.09486166,3.77 - 3.88,0.416666667,24,253,10,3.77,3.88,3.77,4.00
2021,"Area, Ethn, Cultur & Gender Stu",College Of Letters & science,African american studies,3.40 - 3.80,0.338983051,3.36 - 3.79,0.75,20,59,15,3.36,3.79,3.40,3.80
2021,"Area, Ethn, Cultur & Gender Stu",College Of Letters & science,Asian american studies,3.56 - 3.94,0.296296296,3.61 - 3.89,0.75,8,27,6,3.61,3.89,3.56,3.94
2021,"Area, Ethn, Cultur & Gender Stu",College Of Letters & science,Asian humanities,3.78 - 3.87,0.229166667,3.74 - 3.86,0.545454545,11,48,6,3.74,3.86,3.78,3.87
2021,"Area, Ethn, Cultur & Gender Stu",College Of Letters & science,Chicana & chicano studies,3.53 - 3.76,0.350649351,3.48 - 3.72,0.814814815,27,77,22,3.48,3.72,3.53,3.76
2021,"Area, Ethn, Cultur & Gender Stu",College Of Letters & science,Gender studies,3.70 - 3.92,0.4,3.69 - 3.92,0.580645161,62,155,36,3.69,3.92,3.70,3.92
2021,"Area, Ethn, Cultur & Gender Stu",College Of Letters & science,Pre-asian studies,3.84 - 4.00,0.12195122,3.86 - 4.00,0.6,10,82,6,3.86,4.00,3.84,4.00
2021,"Area, Ethn, Cultur & Gender Stu",College Of Letters & science,Pre-european studies,,0.363636364,,0.75,4,11,3,,,,
2021,"Area, Ethn, Cultur & Gender Stu",College Of Letters & science,Spanish and community and culture,3.53 - 3.69,0.384615385,,0.4,10,26,4,,,3.53,3.69
2021,Biological Sciences,College Of Letters & science,Biochemistry,3.78 - 4.00,0.294460641,3.81 - 4.00,0.495049505,101,343,50,3.81,4.00,3.78,4.00
2021,Biological Sciences,College Of Letters & science,Biology,3.82 - 4.00,0.127753304,3.78 - 4.00,0.568965517,174,1362,99,3.78,4.00,3.82,4.00
2021,Biological Sciences,College Of Letters & science,"Ecology, behavior & evolution",3.75 - 3.89,0.158730159,,0.3,10,63,3,,,3.75,3.89
2021,Biological Sciences,College Of Letters & science,Microbiology - immunology - molecular genetics,3.78 - 3.94,0.222772277,3.77 - 3.93,0.533333333,45,202,24,3.77,3.93,3.78,3.94
2021,Biological Sciences,College Of Letters & science,"Molecular, cell, & developmental biology",3.85 - 4.00,0.28959276,3.75 - 3.98,0.484375,64,221,31,3.75,3.98,3.85,4.00
2021,Biological Sciences,College Of Letters & science,Neuroscience,3.76 - 3.95,0.202830189,3.73 - 3.92,0.674418605,43,212,29,3.73,3.92,3.76,3.95
2021,Biological Sciences,College Of Letters & science,Physiological science,3.67 - 3.94,0.180722892,3.64 - 3.95,0.666666667,30,166,20,3.64,3.95,3.67,3.94
2021,Biological Sciences,College Of Letters & science,Pre-computational & systems biology,,0.16,,0.75,4,25,3,,,,
2021,Business & Management,College Of Letters & science,Labor studies,3.62 - 3.97,0.606060606,3.61 - 3.98,0.75,20,33,15,3.61,3.98,3.62,3.97
2021,Business & Management,College Of Letters & science,Pre-business economics,3.91 - 4.00,0.087048087,3.90 - 4.00,0.60483871,248,2849,150,3.90,4.00,3.91,4.00
2021,"Communication, Journalism & Rel",College Of Letters & science,Communication,3.93 - 4.00,0.09009009,3.94 - 4.00,0.772727273,110,1221,85,3.94,4.00,3.93,4.00
2021,Computer & Information Sciences,School Of Engineering & applied sci,Computer science,3.96 - 4.00,0.023535303,3.93 - 4.00,0.617021277,47,1997,29,3.93,4.00,3.96,4.00
2021,Education,College Of Letters & science,Pre-education and social transformation,3.74 - 3.94,0.2625,3.73 - 3.94,0.69047619,42,160,29,3.73,3.94,3.74,3.94
2021,Engineering,School Of Engineering & applied sci,Aerospace engineering,3.78 - 3.93,0.114537445,3.77 - 3.92,0.615384615,26,227,16,3.77,3.92,3.78,3.93
2021,Engineering,School Of Engineering & applied sci,Bioengineering,3.77 - 3.95,0.132075472,3.75 - 3.94,0.380952381,21,159,8,3.75,3.94,3.77,3.95
2021,Engineering,School Of Engineering & applied sci,Chemical engineering,3.80 - 3.98,0.231707317,3.81 - 3.99,0.421052632,38,164,16,3.81,3.99,3.80,3.98
2021,Engineering,School Of Engineering & applied sci,Civil engineering,3.74 - 3.94,0.194552529,3.74 - 3.87,0.34,50,257,17,3.74,3.87,3.74,3.94
2021,Engineering,School Of Engineering & applied sci,Computer engineering,3.92 - 4.00,0.062801932,3.93 - 4.00,0.615384615,13,207,8,3.93,4.00,3.92,4.00
2021,Engineering,School Of Engineering & applied sci,Computer science & engineering,4.00 - 4.00,0.079178886,4.00 - 4.00,0.333333333,27,341,9,4.00,4.00,4.00,4.00
2021,Engineering,School Of Engineering & applied sci,Electrical engineering,3.85 - 4.00,0.339233038,3.86 - 4.00,0.582608696,115,339,67,3.86,4.00,3.85,4.00
2021,Engineering,School Of Engineering & applied sci,Mechanical engineering,3.86 - 4.00,0.190559441,3.83 - 3.99,0.513761468,109,572,56,3.83,3.99,3.86,4.00
2021,Fine & Applied Arts,College Of Letters & science,Art history,3.80 - 3.94,0.408284024,3.80 - 3.94,0.579710145,69,169,40,3.80,3.94,3.80,3.94
2021,Fine & Applied Arts,School Of The arts & architecture,Art,3.56 - 3.91,0.083333333,3.63 - 3.91,0.68,25,300,17,3.63,3.91,3.56,3.91
2021,Fine & Applied Arts,School Of The arts & architecture,Dance,3.64 - 3.86,0.134615385,3.63 - 3.77,0.857142857,7,52,6,3.63,3.77,3.64,3.86
2021,Fine & Applied Arts,School Of The arts & architecture,Design media arts,3.28 - 3.72,0.046961326,3.32 - 3.67,0.764705882,17,362,13,3.32,3.67,3.28,3.72
2021,Fine & Applied Arts,School Of The arts & architecture,Ethnomusicology,,0.375,,1.0,3,8,3,,,,
2021,Fine & Applied Arts,School Of The arts & architecture,World arts & culture,3.41 - 3.98,0.188679245,3.40 - 3.70,0.5,10,53,5,3.40,3.70,3.41,3.98
2021,Fine & Applied Arts,"School Of Theater, film and television",Film & television,3.38 - 3.93,0.014492754,3.35 - 3.92,0.833333333,12,828,10,3.35,3.92,3.38,3.93
2021,Fine & Applied Arts,"School Of Theater, film and television",Theater,3.81 - 3.98,0.025641026,3.76 - 3.99,0.75,8,312,6,3.76,3.99,3.81,3.98
2021,Foreign Languages & Lliterature,College Of Letters & science,Arabic,3.75 - 4.00,1.0,,0.6,5,5,3,,,3.75,4.00
2021,Foreign Languages & Lliterature,College Of Letters & science,Asian languages and linguistics,3.77 - 4.00,0.391304348,,0.444444444,9,23,4,,,3.77,4.00
2021,Foreign Languages & Lliterature,College Of Letters & science,Chinese,3.88 - 4.00,0.25,,0.444444444,9,36,4,,,3.88,4.00
2021,Foreign Languages & Lliterature,College Of Letters & science,Comparative literature,3.73 - 3.92,0.338983051,3.71 - 3.90,0.65,20,59,13,3.71,3.90,3.73,3.92
2021,Foreign Languages & Lliterature,College Of Letters & science,European languages and transcultural studies with french and francophone,3.55 - 3.91,1.0,3.49 - 3.82,0.555555556,9,9,5,3.49,3.82,3.55,3.91
2021,Foreign Languages & Lliterature,College Of Letters & science,Japanese,3.68 - 3.93,0.507462687,3.69 - 3.93,0.617647059,34,67,21,3.69,3.93,3.68,3.93
2021,Foreign Languages & Lliterature,College Of Letters & science,Korean,3.56 - 3.87,0.368421053,3.51 - 3.80,0.857142857,7,19,6,3.51,3.80,3.56,3.87
2021,Foreign Languages & Lliterature,College Of Letters & science,Linguistics,3.79 - 3.94,0.480392157,3.78 - 3.93,0.693877551,49,102,34,3.78,3.93,3.79,3.94
2021,Foreign Languages & Lliterature,College Of Letters & science,Linguistics - english,3.63 - 3.85,0.470588235,3.73 - 3.86,0.625,8,17,5,3.73,3.86,3.63,3.85
2021,Foreign Languages & Lliterature,College Of Letters & science,Linguistics & anthropology,3.68 - 3.96,0.444444444,3.67 - 3.94,0.75,8,18,6,3.67,3.94,3.68,3.96
2021,Foreign Languages & Lliterature,College Of Letters & science,Linguistics & asian languages & cultures,3.74 - 3.91,0.321428571,3.71 - 3.89,0.777777778,9,28,7,3.71,3.89,3.74,3.91
2021,Foreign Languages & Lliterature,College Of Letters & science,Linguistics & computer science,3.70 - 3.98,0.425925926,3.76 - 4.00,0.52173913,23,54,12,3.76,4.00,3.70,3.98
2021,Foreign Languages & Lliterature,College Of Letters & science,Linguistics & philosophy,,0.307692308,,1.0,4,13,4,,,,
2021,Foreign Languages & Lliterature,College Of Letters & science,Linguistics & psychology,3.75 - 3.94,0.376146789,3.72 - 3.93,0.56097561,41,109,23,3.72,3.93,3.75,3.94
2021,Foreign Languages & Lliterature,College Of Letters & science,Spanish,3.51 - 3.79,0.322033898,3.50 - 3.76,0.736842105,19,59,14,3.50,3.76,3.51,3.79
2021,Interdisciplinary Studies,College Of Letters & science,Applied linguistics,3.71 - 3.91,0.326530612,3.69 - 3.89,0.6875,16,49,11,3.69,3.89,3.71,3.91
2021,Interdisciplinary Studies,College Of Letters & science,Pre human biology and society,3.79 - 3.96,0.172839506,3.83 - 3.96,0.714285714,42,243,30,3.83,3.96,3.79,3.96
2021,Interdisciplinary Studies,College Of Letters & science,Pre-cognitive science,3.83 - 4.00,0.342007435,3.78 - 4.00,0.619565217,92,269,57,3.78,4.00,3.83,4.00
2021,Interdisciplinary Studies,College Of Letters & science,Pre-global studies,3.85 - 4.00,0.206140351,3.84 - 4.00,0.680851064,47,228,32,3.84,4.00,3.85,4.00
2021,Letters,College Of Letters & science,American literature & culture,3.50 - 3.97,0.333333333,3.46 - 3.98,0.9,10,30,9,3.46,3.98,3.50,3.97
2021,Letters,College Of Letters & science,English,3.75 - 3.96,0.320809249,3.73 - 3.95,0.527027027,222,692,117,3.73,3.95,3.75,3.96
2021,Letters,College Of Letters & science,Philosophy,3.77 - 4.00,0.406593407,3.75 - 4.00,0.527027027,148,364,78,3.75,4.00,3.77,4.00
2021,Letters,College Of Letters & science,Pre-history,3.80 - 4.00,0.381048387,3.76 - 4.00,0.666666667,189,496,126,3.76,4.00,3.80,4.00
2021,Mathematics,College Of Letters & science,Pre-applied mathematics,3.86 - 4.00,0.36802974,3.87 - 4.00,0.575757576,99,269,57,3.87,4.00,3.86,4.00
2021,Mathematics,College Of Letters & science,Pre-data theory,3.88 - 4.00,0.293838863,3.89 - 4.00,0.564516129,62,211,35,3.89,4.00,3.88,4.00
2021,Mathematics,College Of Letters & science,Pre-financial actuarial mathematics,3.93 - 4.00,0.328,3.88 - 4.00,0.780487805,41,125,32,3.88,4.00,3.93,4.00
2021,Mathematics,College Of Letters & science,Pre-mathematics,3.84 - 4.00,0.312267658,3.89 - 4.00,0.571428571,84,269,48,3.89,4.00,3.84,4.00
2021,Mathematics,College Of Letters & science,Pre-mathematics for teaching,3.85 - 3.96,0.333333333,3.85 - 3.94,0.666666667,15,45,10,3.85,3.94,3.85,3.96
2021,Mathematics,College Of Letters & science,Pre-mathematics of computation,3.80 - 3.97,0.45045045,3.77 - 3.90,0.38,50,111,19,3.77,3.90,3.80,3.97
2021,Mathematics,College Of Letters & science,Pre-mathematics/applied science,3.87 - 3.92,0.162162162,,0.666666667,6,37,4,,,3.87,3.92
2021,Mathematics,College Of Letters & science,Pre-mathematics/economics,3.90 - 4.00,0.354166667,3.90 - 3.99,0.705882353,68,192,48,3.90,3.99,3.90,4.00
2021,Mathematics,College Of Letters & science,Pre-statistics,3.92 - 4.00,0.336805556,3.90 - 4.00,0.597938144,97,288,58,3.90,4.00,3.92,4.00
2021,Nursing,School Of Nursing,Nursing - four year program,3.85 - 3.93,0.024752475,3.85 - 3.93,1.0,10,404,10,3.85,3.93,3.85,3.93
2021,Physical Sciences,College Of Letters & science,Astrophysics,3.83 - 3.92,0.228070175,3.85 - 3.94,0.461538462,13,57,6,3.85,3.94,3.83,3.92
2021,Physical Sciences,College Of Letters & science,Chemistry,3.84 - 4.00,0.230769231,3.83 - 3.99,0.53030303,66,286,35,3.83,3.99,3.84,4.00
2021,Physical Sciences,College Of Letters & science,Chemistry - material science,3.86 - 3.89,0.217391304,,0.6,5,23,3,,,3.86,3.89
2021,Physical Sciences,College Of Letters & science,Earth and environmental science,3.64 - 3.90,0.114285714,3.59 - 3.93,0.875,8,70,7,3.59,3.93,3.64,3.90
2021,Physical Sciences,College Of Letters & science,Geology,3.78 - 3.95,0.3,,0.666666667,6,20,4,,,3.78,3.95
2021,Physical Sciences,College Of Letters & science,Physics,3.84 - 3.96,0.367021277,3.85 - 3.94,0.463768116,69,188,32,3.85,3.94,3.84,3.96
2021,Psychology,College Of Letters & science,Pre-psychobiology,3.82 - 4.00,0.193236715,3.81 - 4.00,0.8,40,207,32,3.81,4.00,3.82,4.00
2021,Psychology,College Of Letters & science,Pre-psychology,3.83 - 4.00,0.173023987,3.82 - 4.00,0.775,440,2543,341,3.82,4.00,3.83,4.00
2021,Public Admin & Social Serv Prof,College Of Letters & science,Pre-public affairs,3.68 - 3.89,0.25,3.64 - 3.91,0.705882353,34,136,24,3.64,3.91,3.68,3.89
2021,Social Sciences,College Of Letters & science,Anthropology,3.73 - 3.96,0.366359447,3.70 - 3.94,0.691823899,159,434,110,3.70,3.94,3.73,3.96
2021,Social Sciences,College Of Letters & science,Geography,3.62 - 3.94,0.505050505,3.58 - 3.90,0.64,50,99,32,3.58,3.90,3.62,3.94
2021,Social Sciences,College Of Letters & science,Geography/environmental studies,3.61 - 3.86,0.5,3.61 - 3.90,0.685714286,35,70,24,3.61,3.90,3.61,3.86
2021,Social Sciences,College Of Letters & science,Pre international development studies,3.83 - 3.95,0.271028037,3.82 - 3.94,0.724137931,29,107,21,3.82,3.94,3.83,3.95
2021,Social Sciences,College Of Letters & science,Pre-economics,3.91 - 4.00,0.131897712,3.91 - 4.00,0.62755102,196,1486,123,3.91,4.00,3.91,4.00
2021,Social Sciences,College Of Letters & science,Pre-political science,3.83 - 4.00,0.299150882,3.81 - 4.00,0.711790393,458,1531,326,3.81,4.00,3.83,4.00
2021,Social Sciences,College Of Letters & science,Pre-sociology,3.83 - 4.00,0.280524122,3.82 - 4.00,0.685774947,471,1679,323,3.82,4.00,3.83,4.00
2022,Agriculture & Natural Resources,College Of Letters & science,Environmental science,3.43 - 3.72,0.299270073,3.39 - 3.65,0.585365854,41,137,24,3.39,3.65,3.43,3.72
2022,Architecture & Environ Design,School Of The arts & architecture,Architectural studies,3.65 - 3.93,0.075085324,3.54 - 3.89,0.636363636,22,293,14,3.54,3.89,3.65,3.93
2022,"Area, Ethn, Cultur & Gender Stu",College Of Letters & science,African american studies,3.42 - 3.69,0.461538462,3.40 - 3.67,0.666666667,24,52,16,3.40,3.67,3.42,3.69
2022,"Area, Ethn, Cultur & Gender Stu",College Of Letters & science,American indian studies,3.56 - 3.85,0.571428571,3.53 - 3.80,0.625,8,14,5,3.53,3.80,3.56,3.85
2022,"Area, Ethn, Cultur & Gender Stu",College Of Letters & science,Asian american studies,3.60 - 3.89,0.292682927,3.63 - 3.89,0.583333333,12,41,7,3.63,3.89,3.60,3.89
2022,"Area, Ethn, Cultur & Gender Stu",College Of Letters & science,Asian humanities,3.72 - 3.94,0.365853659,3.64 - 3.95,0.6,15,41,9,3.64,3.95,3.72,3.94
2022,"Area, Ethn, Cultur & Gender Stu",College Of Letters & science,Chicana & chicano studies,3.34 - 3.79,0.446428571,3.19 - 3.85,0.52,25,56,13,3.19,3.85,3.34,3.79
2022,"Area, Ethn, Cultur & Gender Stu",College Of Letters & science,Gender studies,3.55 - 3.92,0.540322581,3.51 - 3.90,0.626865672,67,124,42,3.51,3.90,3.55,3.92
2022,"Area, Ethn, Cultur & Gender Stu",College Of Letters & science,Pre-asian studies,3.70 - 3.99,0.253521127,3.63 - 4.00,0.277777778,18,71,5,3.63,4.00,3.70,3.99
2022,"Area, Ethn, Cultur & Gender Stu",College Of Letters & science,Pre-latin american studies,3.73 - 3.93,0.5,,0.6,5,10,3,,,3.73,3.93
2022,"Area, Ethn, Cultur & Gender Stu",College Of Letters & science,Spanish and community and culture,3.57 - 3.98,0.444444444,3.57 - 3.95,0.75,8,18,6,3.57,3.95,3.57,3.98
2022,Biological Sciences,College Of Letters & science,Biochemistry,3.75 - 4.00,0.357638889,3.73 - 3.99,0.601941748,103,288,62,3.73,3.99,3.75,4.00
2022,Biological Sciences,College Of Letters & science,Biology,3.80 - 4.00,0.184947958,3.77 - 3.96,0.619047619,231,1249,143,3.77,3.96,3.80,4.00
2022,Biological Sciences,College Of Letters & science,"Ecology, behavior & evolution",3.55 - 3.73,0.133333333,,0.375,8,60,3,,,3.55,3.73
2022,Biological Sciences,College Of Letters & science,Microbiology - immunology - molecular genetics,3.75 - 3.93,0.335820896,3.75 - 3.89,0.466666667,45,134,21,3.75,3.89,3.75,3.93
2022,Biological Sciences,College Of Letters & science,"Molecular, cell, & developmental biology",3.76 - 3.93,0.385093168,3.71 - 3.91,0.596774194,62,161,37,3.71,3.91,3.76,3.93
2022,Biological Sciences,College Of Letters & science,Neuroscience,3.74 - 3.94,0.291428571,3.73 - 3.93,0.705882353,51,175,36,3.73,3.93,3.74,3.94
2022,Biological Sciences,College Of Letters & science,Physiological science,3.73 - 3.92,0.245033113,3.71 - 3.88,0.702702703,37,151,26,3.71,3.88,3.73,3.92
2022,Biological Sciences,College Of Letters & science,Pre-computational & systems biology,3.49 - 3.86,0.5,3.46 - 3.60,0.777777778,9,18,7,3.46,3.60,3.49,3.86
2022,Business & Management,College Of Letters & science,Labor studies,3.52 - 3.86,0.366666667,3.37 - 3.86,0.818181818,11,30,9,3.37,3.86,3.52,3.86
2022,Business & Management,College Of Letters & science,Pre-business economics,3.87 - 4.00,0.10392949,3.83 - 4.00,0.625441696,283,2723,177,3.83,4.00,3.87,4.00
2022,"Communication, Journalism & Rel",College Of Letters & science,Communication,3.95 - 4.00,0.112132353,3.95 - 4.00,0.729508197,122,1088,89,3.95,4.00,3.95,4.00
2022,Computer & Information Sciences,School Of Engineering & applied sci,Computer science,3.94 - 4.00,0.036842105,3.90 - 4.00,0.650793651,63,1710,41,3.90,4.00,3.94,4.00
2022,Education,College Of Letters & science,Pre-education and social transformation,3.60 - 3.91,0.418079096,3.63 - 3.93,0.662162162,74,177,49,3.63,3.93,3.60,3.91
2022,Engineering,School Of Engineering & applied sci,Aerospace engineering,3.77 - 3.98,0.154255319,3.81 - 3.97,0.620689655,29,188,18,3.81,3.97,3.77,3.98
2022,Engineering,School Of Engineering & applied sci,Bioengineering,3.77 - 3.92,0.19047619,3.70 - 3.93,0.458333333,24,126,11,3.70,3.93,3.77,3.92
2022,Engineering,School Of Engineering & applied sci,Chemical engineering,3.68 - 3.97,0.25,3.73 - 4.00,0.482758621,29,116,14,3.73,4.00,3.68,3.97
2022,Engineering,School Of Engineering & applied sci,Civil engineering,3.85 - 4.00,0.242574257,3.84 - 4.00,0.326530612,49,202,16,3.84,4.00,3.85,4.00
2022,Engineering,School Of Engineering & applied sci,Computer engineering,3.91 - 4.00,0.046511628,,0.375,8,172,3,,,3.91,4.00
2022,Engineering,School Of Engineering & applied sci,Computer science & engineering,3.94 - 4.00,0.078291815,3.87 - 4.00,0.409090909,22,281,9,3.87,4.00,3.94,4.00
2022,Engineering,School Of Engineering & applied sci,Electrical engineering,3.83 - 4.00,0.296416938,3.81 - 3.98,0.593406593,91,307,54,3.81,3.98,3.83,4.00
2022,Engineering,School Of Engineering & applied sci,Materials engineering,3.82 - 4.00,0.209302326,,0.333333333,9,43,3,,,3.82,4.00
2022,Engineering,School Of Engineering & applied sci,Mechanical engineering,3.85 - 4.00,0.153992395,3.84 - 4.00,0.419753086,81,526,34,3.84,4.00,3.85,4.00
2022,Fine & Applied Arts,College Of Letters & science,Art history,3.66 - 3.94,0.523809524,3.65 - 3.93,0.545454545,77,147,42,3.65,3.93,3.66,3.94
2022,Fine & Applied Arts,School Of The arts & architecture,Art,3.30 - 3.84,0.084870849,3.35 - 3.82,0.565217391,23,271,13,3.35,3.82,3.30,3.84
2022,Fine & Applied Arts,School Of The arts & architecture,Dance,3.76 - 3.91,0.208333333,3.76 - 3.86,0.7,10,48,7,3.76,3.86,3.76,3.91
2022,Fine & Applied Arts,School Of The arts & architecture,Design media arts,3.53 - 3.96,0.046439628,3.53 - 3.96,1.0,15,323,15,3.53,3.96,3.53,3.96
2022,Fine & Applied Arts,School Of The arts & architecture,World arts & culture,3.61 - 3.93,0.230769231,3.55 - 3.81,0.75,12,52,9,3.55,3.81,3.61,3.93
2022,Fine & Applied Arts,"School Of Theater, film and television",Film & television,3.42 - 3.92,0.024064171,3.41 - 3.91,0.888888889,18,748,16,3.41,3.91,3.42,3.92
2022,Fine & Applied Arts,"School Of Theater, film and television",Theater,3.72 - 4.00,0.047808765,3.43 - 4.00,0.75,12,251,9,3.43,4.00,3.72,4.00
2022,Foreign Languages & Lliterature,College Of Letters & science,Asian languages and linguistics,3.65 - 3.88,0.444444444,3.71 - 3.88,0.666666667,12,27,8,3.71,3.88,3.65,3.88
2022,Foreign Languages & Lliterature,College Of Letters & science,Chinese,3.68 - 3.93,0.357142857,3.66 - 3.89,0.5,10,28,5,3.66,3.89,3.68,3.93
2022,Foreign Languages & Lliterature,College Of Letters & science,Comparative literature,3.58 - 3.86,0.448979592,3.46 - 3.80,0.590909091,22,49,13,3.46,3.80,3.58,3.86
2022,Foreign Languages & Lliterature,College Of Letters & science,European languages and transcultural studies with french and francophone,3.60 - 3.95,0.5625,,0.444444444,9,16,4,,,3.60,3.95
2022,Foreign Languages & Lliterature,College Of Letters & science,European languages and transcultural studies with german,,0.5,,1.0,3,6,3,,,,
2022,Foreign Languages & Lliterature,College Of Letters & science,Japanese,3.69 - 3.95,0.574074074,3.69 - 3.94,0.548387097,31,54,17,3.69,3.94,3.69,3.95
2022,Foreign Languages & Lliterature,College Of Letters & science,Korean,3.71 - 3.89,0.352941176,,0.666666667,6,17,4,,,3.71,3.89
2022,Foreign Languages & Lliterature,College Of Letters & science,Linguistics,3.69 - 3.93,0.402439024,3.66 - 3.91,0.424242424,33,82,14,3.66,3.91,3.69,3.93
2022,Foreign Languages & Lliterature,College Of Letters & science,Linguistics - english,3.78 - 3.93,0.5,,0.8,5,10,4,,,3.78,3.93
2022,Foreign Languages & Lliterature,College Of Letters & science,Linguistics & anthropology,3.62 - 3.96,0.375,,0.5,6,16,3,,,3.62,3.96
2022,Foreign Languages & Lliterature,College Of Letters & science,Linguistics & asian languages & cultures,3.81 - 3.97,0.473684211,,0.444444444,9,19,4,,,3.81,3.97
2022,Foreign Languages & Lliterature,College Of Letters & science,Linguistics & computer science,3.66 - 3.88,0.345238095,3.45 - 3.87,0.517241379,29,84,15,3.45,3.87,3.66,3.88
2022,Foreign Languages & Lliterature,College Of Letters & science,Linguistics & psychology,3.64 - 3.87,0.376623377,3.66 - 3.89,0.655172414,29,77,19,3.66,3.89,3.64,3.87
2022,Foreign Languages & Lliterature,College Of Letters & science,Spanish,3.50 - 3.88,0.431034483,3.48 - 3.81,0.56,25,58,14,3.48,3.81,3.50,3.88
2022,Interdisciplinary Studies,College Of Letters & science,Applied linguistics,3.66 - 3.91,0.638888889,3.59 - 3.92,0.608695652,23,36,14,3.59,3.92,3.66,3.91
2022,Interdisciplinary Studies,College Of Letters & science,Geography/environmental studies,3.43 - 3.88,0.555555556,3.37 - 3.76,0.542857143,35,63,19,3.37,3.76,3.43,3.88
2022,Interdisciplinary Studies,College Of Letters & science,Pre human biology and society,3.76 - 3.94,0.223463687,3.76 - 3.95,0.775,40,179,31,3.76,3.95,3.76,3.94
2022,Interdisciplinary Studies,College Of Letters & science,Pre-cognitive science,3.67 - 3.92,0.495614035,3.67 - 3.93,0.557522124,113,228,63,3.67,3.93,3.67,3.92
2022,Interdisciplinary Studies,College Of Letters & science,Pre-global studies,3.85 - 4.00,0.295566502,3.81 - 4.00,0.716666667,60,203,43,3.81,4.00,3.85,4.00
2022,Letters,College Of Letters & science,American literature & culture,3.59 - 3.93,0.607142857,3.61 - 3.96,0.823529412,17,28,14,3.61,3.96,3.59,3.93
2022,Letters,College Of Letters & science,English,3.76 - 4.00,0.395931142,3.78 - 4.00,0.56916996,253,639,144,3.78,4.00,3.76,4.00
2022,Letters,College Of Letters & science,Philosophy,3.63 - 3.93,0.486404834,3.62 - 3.92,0.52173913,161,331,84,3.62,3.92,3.63,3.93
2022,Letters,College Of Letters & science,Pre-history,3.75 - 3.95,0.529274005,3.75 - 3.94,0.632743363,226,427,143,3.75,3.94,3.75,3.95
2022,Mathematics,College Of Letters & science,Pre-applied mathematics,3.79 - 3.96,0.368888889,3.73 - 3.95,0.481927711,83,225,40,3.73,3.95,3.79,3.96
2022,Mathematics,College Of Letters & science,Pre-data theory,3.86 - 4.00,0.34375,3.85 - 3.97,0.545454545,99,288,54,3.85,3.97,3.86,4.00
2022,Mathematics,College Of Letters & science,Pre-financial actuarial mathematics,3.79 - 4.00,0.384615385,3.76 - 4.00,0.571428571,35,91,20,3.76,4.00,3.79,4.00
2022,Mathematics,College Of Letters & science,Pre-mathematics,3.80 - 4.00,0.43718593,3.77 - 4.00,0.459770115,87,199,40,3.77,4.00,3.80,4.00
2022,Mathematics,College Of Letters & science,Pre-mathematics for teaching,3.69 - 3.93,0.289473684,,0.363636364,11,38,4,,,3.69,3.93
2022,Mathematics,College Of Letters & science,Pre-mathematics of computation,3.83 - 3.98,0.552083333,3.88 - 3.96,0.396226415,53,96,21,3.88,3.96,3.83,3.98
2022,Mathematics,College Of Letters & science,Pre-mathematics/applied science,3.52 - 3.80,0.259259259,3.51 - 3.65,0.714285714,7,27,5,3.51,3.65,3.52,3.80
2022,Mathematics,College Of Letters & science,Pre-mathematics/economics,3.86 - 4.00,0.447916667,3.85 - 3.99,0.558139535,43,96,24,3.85,3.99,3.86,4.00
2022,Mathematics,College Of Letters & science,Pre-statistics,3.90 - 4.00,0.425,3.87 - 4.00,0.470588235,85,200,40,3.87,4.00,3.90,4.00
2022,Nursing,School Of Nursing,Nursing - four year program,3.80 - 3.95,0.054187192,3.79 - 3.93,0.909090909,22,406,20,3.79,3.93,3.80,3.95
2022,Physical Sciences,College Of Letters & science,Astrophysics,3.44 - 4.00,0.313432836,3.68 - 4.00,0.333333333,21,67,7,3.68,4.00,3.44,4.00
2022,Physical Sciences,College Of Letters & science,Chemistry,3.60 - 3.91,0.349514563,3.58 - 3.91,0.527777778,72,206,38,3.58,3.91,3.60,3.91
2022,Physical Sciences,College Of Letters & science,Earth and environmental science,3.59 - 3.91,0.288135593,3.66 - 3.91,0.588235294,17,59,10,3.66,3.91,3.59,3.91
2022,Physical Sciences,College Of Letters & science,Physics,3.77 - 3.97,0.340136054,3.81 - 3.98,0.4,50,147,20,3.81,3.98,3.77,3.97
2022,Psychology,College Of Letters & science,Pre-psychobiology,3.74 - 3.96,0.183098592,3.64 - 3.95,0.717948718,39,213,28,3.64,3.95,3.74,3.96
2022,Psychology,College Of Letters & science,Pre-psychology,3.78 - 4.00,0.224373075,3.78 - 4.00,0.77254902,510,2273,394,3.78,4.00,3.78,4.00
2022,Public Admin & Social Serv Prof,College Of Letters & science,Pre-public affairs,3.72 - 4.00,0.300970874,3.68 - 4.00,0.903225806,31,103,28,3.68,4.00,3.72,4.00
2022,Social Sciences,College Of Letters & science,Anthropology,3.62 - 3.94,0.563451777,3.61 - 3.92,0.594594595,222,394,132,3.61,3.92,3.62,3.94
2022,Social Sciences,College Of Letters & science,Geography,3.54 - 3.92,0.655737705,3.63 - 3.87,0.5,40,61,20,3.63,3.87,3.54,3.92
2022,Social Sciences,College Of Letters & science,Pre international development studies,3.52 - 3.89,0.283018868,3.57 - 3.88,0.633333333,30,106,19,3.57,3.88,3.52,3.89
2022,Social Sciences,College Of Letters & science,Pre-economics,3.89 - 4.00,0.186688312,3.87 - 4.00,0.6,230,1232,138,3.87,4.00,3.89,4.00
2022,Social Sciences,College Of Letters & science,Pre-political science,3.78 - 4.00,0.404255319,3.79 - 4.00,0.669172932,532,1316,356,3.79,4.00,3.78,4.00
2022,Social Sciences,College Of Letters & science,Pre-sociology,3.78 - 4.00,0.402238806,3.77 - 4.00,0.625231911,539,1340,337,3.77,4.00,3.78,4.00
